{
 "x": [
  0.0,
  0.13350625477731226,
  0.16886229857802393,
  0.2442259781062603,
  0.3169008374214173,
  0.4590413212776184,
  0.5283647865056992,
  0.5648230314254761,
  0.6152445524930954,
  0.6686619400978089,
  0.7068163305521011,
  0.7359241425991058,
  0.7689196079969406,
  0.8016268283128738,
  0.8337992238998413,
  0.855776840150356,
  1.0
 ],
 "y": [
  0.0,
  0.10658470541238785,
  0.14634078741073608,
  0.22954392433166504,
  0.32111139595508575,
  0.4732806384563446,
  0.5319219827651978,
  0.5747153162956238,
  0.6210988461971283,
  0.6950356960296631,
  0.7282792329788208,
  0.7513815462589264,
  0.7848576605319977,
  0.8090996921062471,
  0.8473760825395584,
  0.8729837593436237,
  1.0
 ],
 "pcts": [
  1,
  2,
  5,
  10,
  20,
  30,
  40,
  50,
  60,
  70,
  80,
  90,
  95,
  98,
  99
 ],
 "n_sample": 48
}