{"mu": [65.19994475138121, 117.54005524861878, 154.36850828729283, 180.06436464088398, 203.646408839779, 12.472220994475133, 89.60311602209957, 47.479425414364705, 10.285613259668496], "sd": [28.821749281984864, 29.465696205095714, 25.090739149140134, 15.824096664582013, 10.243384571509518, 10.593412245086025, 42.66168528827565, 32.21302129577371, 7.916558533893658], "W": [[-0.04651966774050044, -0.02808524336139994, 0.055753661299619534, -0.061707910007476566, 0.022489411500537414], [0.02519131906234305, 0.009145454749484944, 0.04981988573582067, 0.012462144907280424, -0.0008813861473081413], [-0.037505913380811697, -0.09170580363796471, -0.00419379890242302, -0.024203044763205037, 0.015603058625332688], [-0.02752360632978746, -0.03167396094248011, 0.03571414677790323, -0.013976905899964932, 0.024683607573633512], [0.01178567481577238, -0.04231111398134611, -0.0518502796337287, 0.020657917155966456, -0.013706859097680726], [-0.009572233683964806, -0.034742667155492166, 0.13192578586191409, -0.04652670075881352, 0.005742069007574809], [-0.004485104354609946, 0.001670624427107243, -0.016499873691720738, 0.028835105836849128, -0.0025135460562379286], [-0.008944185905615921, -0.11497744149290719, 0.03076523154868846, -0.10905133373660023, -0.014824474436738472], [-0.008536745960603692, 0.0934035180170683, -0.08802246399927868, 0.04905196032155541, 0.025887266491265836], [0.16467991169977927, 0.3026490066225183, 0.3562362030905076, 0.3426600441501083, 0.5745033112582832]], "dose_cols": ["sl", "wh", "vb", "dc", "bk"], "n_train": 905}